fold,model,train_RMSE,val_RMSE,train_R2,val_R2,status
0,linear_regression,0.585940492495277,302.8296388986345,0.9753838868004244,-11565.655810346543,ok
0,ridge,3.0412182721127996,6.983180519241931,0.3368563136969921,-5.150601544627386,ok
0,random_forest,2.63273107508039,6.809250210973187,0.5030353976124582,-4.8480306612352235,ok
0,gradient_boosting,3.7345972370331606,5.367743350124113,0.0,-2.6340804741496724,ok
0,neural_net_mlp,0.05589327236030115,14.925521341976406,0.9997760085039173,-27.097654933385275,ok
1,linear_regression,2.5320487888839533,3.2625793087602957,0.6071006795382414,-12.46953283764326,ok
1,ridge,2.873525483928249,1.3659028753920772,0.49398051013814326,-1.3608588193156144,ok
1,random_forest,1.7506877087193382,1.7672595578093018,0.8121745215997248,-2.9521284967867576,ok
1,gradient_boosting,4.039535515651383,3.089025285772194,0.0,-11.074615354449557,ok
1,neural_net_mlp,0.08939092708522253,5.038215677413621,0.9995103068587462,-31.12061768088671,ok
2,linear_regression,2.4289835508386144,2.4094726102455075,0.5548346406816722,-0.08059552679366178,ok
2,ridge,2.612589310199499,2.4163691107535645,0.48499137095128797,-0.0867902374210856,ok
2,random_forest,1.3901808981992527,2.6259887684744716,0.8541807539968131,-0.28352669697146116,ok
2,gradient_boosting,3.640523951250356,3.625770550775435,0.0,-1.4469202340791556,ok
2,neural_net_mlp,0.16859552706868247,4.680917435986239,0.9978553110635671,-3.078318502365809,ok
3,linear_regression,2.1683551481630694,9.375382739179127,0.6318282356341183,-36.92298084404727,ok
3,ridge,2.437918510991932,3.649714854240958,0.534598243782404,-4.747014915156528,ok
3,random_forest,1.3481193617760898,1.586582605834457,0.8576864212061515,-0.08605002859181998,ok
3,gradient_boosting,3.5735937182979898,4.5955684080613874,0.0,-8.111773688141207,ok
3,neural_net_mlp,0.14212719707233,13.418396229932466,0.9984182274648888,-76.68294435084212,ok
4,linear_regression,1.9692463378791691,173.43042898249266,0.7166034463294608,-3923.516780449269,ok
4,ridge,2.2722736179001557,113.13929337282454,0.6226748756216465,-1669.1770728045583,ok
4,random_forest,1.2529137572921216,2.795296921469844,0.8852806104327162,-0.019509991029988072,ok
4,gradient_boosting,2.741670538874351,2.9055312517297063,0.45068051765278394,-0.10150556548211376,ok
4,neural_net_mlp,0.14919043477304464,103.07270678940411,0.9983734162445324,-1385.1906210914242,ok
