fold,model,train_RMSE,val_RMSE,train_R2,val_R2,status
0,linear_regression,1.1013054261998829e-15,1.8823689648653839,1.0,-0.9251825241666176,ok
0,ridge,0.1741949026221246,1.9231785905085368,0.9817453091404006,-1.0095630383003202,ok
0,random_forest,0.932584554031745,1.7277093202581053,0.47678518302428474,-0.621824120332344,ok
0,gradient_boosting,1.2892828359490354,1.657569160489312,0.0,-0.492814067145132,ok
0,neural_net_mlp,0.08210088050982395,2.2736700447919502,0.9959449218568385,-1.8087771478825712,ok
1,linear_regression,1.602725279836167e-15,54.188831159330554,1.0,-5552.699041437739,ok
1,ridge,0.5035900763959528,24.153545401297325,0.8717969943268626,-1102.378584789363,ok
1,random_forest,0.672455283791575,1.0851384060272296,0.771402908168811,-1.2270657739937785,ok
1,gradient_boosting,1.406462184656618,0.8328850416680887,0.0,-0.3119971726492232,ok
1,neural_net_mlp,0.039473103186437916,16.767690083596186,0.9992123261635427,-530.7521457434726,ok
2,linear_regression,2.539152307358218e-15,7.045254721386543,1.0,-3.72150779959997,ok
2,ridge,0.6188114118836358,6.648870456709026,0.7499918742092375,-3.2051651351679196,ok
2,random_forest,0.5804723940954084,3.708254573846623,0.7800111663879874,-0.30805617175163946,ok
2,gradient_boosting,1.2376027109293506,3.5235835998627048,0.0,-0.18101787825147908,ok
2,neural_net_mlp,0.07434898350849341,5.165991479659628,0.9963909943119532,-1.538602382063745,ok
3,linear_regression,7.293508318000625e-15,9.566384718551836,1.0,-249.7729436347392,ok
3,ridge,1.2161144620039102,1.9154037333983243,0.6422267169983527,-9.053230782387018,ok
3,random_forest,1.1403336644454565,1.5750237967977108,0.6854259519381231,-5.797656780596679,ok
3,gradient_boosting,2.0331550523608195,0.7391116189462581,0.0,-0.49694227073703123,ok
3,neural_net_mlp,0.044972803511770444,2.440606787766788,0.9995107183562204,-15.322272448728004,ok
