fold,model,train_RMSE,val_RMSE,train_R2,val_R2,status
0,linear_regression,9.433629782339637e-16,2.095074682373175,1.0,-1.3848519327502578,ok
0,ridge,0.1901215989372582,2.090159940864938,0.9782546443930217,-1.3736760228114928,ok
0,random_forest,0.9496037268179046,1.7213023152605607,0.4575141449043555,-0.6098177392103425,ok
0,gradient_boosting,1.2892828359490354,1.657569160489312,0.0,-0.492814067145132,ok
0,neural_net_mlp,0.008673880977841745,1.9598783739773196,0.9999547383361354,-1.086991328036735,ok
1,linear_regression,1.2966340286496733e-15,108.98830388586761,1.0,-22464.834869850234,ok
1,ridge,0.5884923470299237,40.75475932525069,0.8249244419645541,-3140.372517411766,ok
1,random_forest,0.7272764425377234,1.1801730725654764,0.7326113792003497,-1.6342329456141265,ok
1,gradient_boosting,1.406462184656618,0.8328850416680887,0.0,-0.3119971726492232,ok
1,neural_net_mlp,0.01467258065905353,15.295613113120138,0.9998911679295068,-441.48296383982137,ok
2,linear_regression,3.5519040489248793e-15,27.046349064915837,1.0,-68.58323404790782,ok
2,ridge,0.6520416175779556,6.94444584968666,0.7224200275756882,-3.5873566232663636,ok
2,random_forest,0.5962781901846926,3.6259215366698165,0.7678678225163087,-0.2506163897931646,ok
2,gradient_boosting,1.2376027109293506,3.5235835998627048,0.0,-0.18101787825147908,ok
2,neural_net_mlp,0.040084981357451005,11.01191161056976,0.9989509386957525,-10.534871098988724,ok
3,linear_regression,0.6806018686894232,86.7915835695775,0.8879413788554942,-20640.45076623836,ok
3,ridge,1.4327877266754914,0.9150519065770778,0.5033817156364961,-1.2944386705338298,ok
3,random_forest,1.2313703249409025,1.213836860827373,0.6331940545865415,-3.0374358641725667,ok
3,gradient_boosting,2.0331550523608195,0.7391116189462581,0.0,-0.49694227073703123,ok
3,neural_net_mlp,0.02938105298971944,5.122318414174933,0.9997911696036249,-70.89821964564408,ok
