fold,model,train_RMSE,val_RMSE,train_R2,val_R2,status
0,linear_regression,6.221212756561689e-16,2.458240571250721,1.0,-2.2833045390479816,ok
0,ridge,0.3059215451999023,2.31099734383793,0.9436980124484051,-1.901758702401804,ok
0,random_forest,0.9405552904165793,1.7487119603165724,0.46780319966646544,-0.6614947133151143,ok
0,gradient_boosting,1.2892828359490354,1.657569160489312,0.0,-0.492814067145132,ok
0,neural_net_mlp,0.02303372352308731,2.2673091591438506,0.9996808227729975,-1.793083297638859,ok
1,linear_regression,1.6664443901345293e-15,15.16250797071572,1.0,-433.8153414366014,ok
1,ridge,0.7189905378282122,2.4192751681134985,0.7386694212812568,-10.069635226000656,ok
1,random_forest,0.728502171497297,1.0511516562451402,0.7317093228619475,-1.0897461426693171,ok
1,gradient_boosting,1.406462184656618,0.8328850416680887,0.0,-0.3119971726492232,ok
1,neural_net_mlp,0.036923308116909685,3.637684895833325,0.9993108002851381,-24.02723825487607,ok
2,linear_regression,0.24244352467044333,9.938337823988308,0.9616240911076052,-8.395390222274555,ok
2,ridge,0.7635547770425134,6.056818655697646,0.6193569600275048,-2.489606473124861,ok
2,random_forest,0.597816106126575,3.6517418233112746,0.7666688514060284,-0.26849115451580263,ok
2,gradient_boosting,1.2376027109293506,3.5235835998627048,0.0,-0.18101787825147908,ok
2,neural_net_mlp,0.07600537787732792,9.370104767175627,0.9962283955360555,-7.351725383063414,ok
3,linear_regression,1.5113467046831595,2.917431889500219,0.4474301219460042,-22.32310914925877,ok
3,ridge,1.5592267274383647,1.781388011501216,0.41186430114531813,-7.6956498517865395,ok
3,random_forest,1.2687533479477953,1.0502749660878208,0.610584348840628,-2.022671986416894,ok
3,gradient_boosting,2.0331550523608195,0.7391116189462581,0.0,-0.49694227073703123,ok
3,neural_net_mlp,0.03211970596641588,5.637701423541891,0.999750424401167,-86.09418036499001,ok
