fold,model,train_RMSE,val_RMSE,train_R2,val_R2,status
0,linear_regression,2.2286739912905116,27.73533805915797,0.7503714501771447,-910.0846351613893,ok
0,ridge,3.24191058534247,1.7120824555478489,0.4717941230405014,-2.471691681874981,ok
0,random_forest,2.1095180128766824,3.585551533814803,0.7763506500186924,-14.226627828525954,ok
0,gradient_boosting,4.460663042573073,2.690243260723857,0.0,-7.571856645541166,ok
0,neural_net_mlp,0.08078300786180186,9.413781403267532,0.9996720246507386,-103.95907964177071,ok
1,linear_regression,2.4197683294796475,7.507540023317308,0.5924070506315287,-64.34214766793833,ok
1,ridge,2.775926796074968,3.3355757399546104,0.4635921749640346,-11.898514775733373,ok
1,random_forest,1.6079513586655103,1.2923273722063409,0.8200197294594535,-0.9361686263562328,ok
1,gradient_boosting,3.7901854216538697,1.3003598786588806,0.0,-0.9603120751674428,ok
1,neural_net_mlp,0.09425526929578884,10.63107249639271,0.9993815702641895,-130.02442183494878,ok
2,linear_regression,2.1388369860589607,7.181381317058045,0.5800430722733765,-28.010606541584668,ok
2,ridge,2.6127120834427906,1.6394820781244963,0.3733392611564119,-0.5120083204880037,ok
2,random_forest,1.4199598930270632,3.261121669358522,0.8149020817244204,-4.982391604939829,ok
2,gradient_boosting,3.300466360472257,4.054557025173035,0.0,-8.247570688558943,ok
2,neural_net_mlp,0.3023571531674122,8.639735467269691,0.9916075285221068,-40.989598762527784,ok
3,linear_regression,1.9695485433399242,18.29395681630646,0.6600204517087329,-184.52189002217628,ok
3,ridge,2.3925609842050353,7.449158272874757,0.49829844552627267,-29.760561915770534,ok
3,random_forest,1.3604020711245624,1.387559086215291,0.8377988299060126,-0.0672909632681793,ok
3,gradient_boosting,3.3778494793943272,4.165661360682683,0.0,-8.61939558205909,ok
3,neural_net_mlp,0.2785374335423114,16.160565622147235,0.9932003500858203,-143.77480047126343,ok
4,linear_regression,1.9324483721180368,3.9338473834111842,0.6881197275473854,-0.8823504792800301,ok
4,ridge,2.268080260277132,9.297227984124733,0.57037559609178,-9.514108058715403,ok
4,random_forest,1.2643115590577265,2.871503655855191,0.8665002900928037,-0.0029614062079132975,ok
4,gradient_boosting,2.681672659625124,3.309368909074517,0.39940234321375645,-0.3321583141673008,ok
4,neural_net_mlp,0.2486528835368412,3.7184937606940434,0.9948363225656915,-0.6818977474090477,ok
