fold,model,train_RMSE,val_RMSE,train_R2,val_R2,status
0,linear_regression,5.874748045952207e-16,2.014251788537125,1.0,-1.204397545658229,ok
0,ridge,0.27744061255908326,2.021798905013701,0.9536933176135087,-1.2209476245360626,ok
0,random_forest,0.9416709060687579,1.7243770230048163,0.466539947620241,-0.6155740085057229,ok
0,gradient_boosting,1.2892828359490354,1.657569160489312,0.0,-0.492814067145132,ok
0,neural_net_mlp,0.008782699999130103,2.7567634364419713,0.999953595543058,-3.129157065300233,ok
1,linear_regression,8.850434458429328e-15,11.6943788637808,1.0,-257.6527460709138,ok
1,ridge,0.6886728418800976,3.166613834021643,0.7602438292086029,-17.965005975423885,ok
1,random_forest,0.7207161928754939,0.960878554631007,0.7374134725795038,-0.7462232880177406,ok
1,gradient_boosting,1.406462184656618,0.8328850416680887,0.0,-0.3119971726492232,ok
1,neural_net_mlp,0.031091605385351828,3.5318460580167828,0.9995113136884366,-22.592084006778094,ok
2,linear_regression,4.5361128025852695e-12,11.895075562074547,1.0,-12.459276728643948,ok
2,ridge,0.7465543302950155,6.920382334377512,0.6361182005004229,-3.555619988377293,ok
2,random_forest,0.5987149958027645,3.819304587833376,0.7659666399983696,-0.38757319380547606,ok
2,gradient_boosting,1.2376027109293506,3.5235835998627048,0.0,-0.18101787825147908,ok
2,neural_net_mlp,0.037171554043360075,5.193680833776801,0.9990978911730297,-1.5658887767100245,ok
3,linear_regression,1.0731982683697718,10.130998561847544,0.721375741038282,-280.24803742708673,ok
3,ridge,1.313436920671559,1.9634424857913015,0.5826720805850731,-9.563828977085432,ok
3,random_forest,1.2049037803884135,1.746163265070638,0.6487925386313478,-7.355158407182307,ok
3,gradient_boosting,2.0331550523608195,0.7391116189462581,0.0,-0.49694227073703123,ok
3,neural_net_mlp,0.06065220932190199,2.030874630718947,0.9991100773709856,-10.301893803362361,ok
